cluster_hdb_reassigned,final_cluster_label,final_theme_family,n_posts,mean_valence,mean_confidence,negative,neutral,positive
12,"Botified Platforms, AI Accounts & Synthetic Content Spam",authenticity_platforms,130,-0.5538461538461539,0.6997362952965956,56.92307692307692,41.53846153846154,1.5384615384615385
10,"AI-Generated Image Detection, Authenticity & Scam Suspicion",authenticity_platforms,68,-0.4852941176470588,0.7047949043266913,51.470588235294116,45.588235294117645,2.941176470588235
8,"OpenAI / GPT-4o Backlash, User Trust & Safety Complaints",lab_politics_trust,147,-0.41496598639455784,0.6860073997455389,44.89795918367347,51.70068027210885,3.4013605442176873
20,"AI Regulation in Schools, Academic Use & Social Harm",education_governance,98,-0.37755102040816324,0.6889722733473291,39.795918367346935,58.16326530612245,2.0408163265306123
18,Anthropic Safety Retrenchment & Alignment Credibility,lab_politics_trust,217,-0.34101382488479265,0.6870328827937078,36.405529953917046,61.29032258064516,2.3041474654377883
9,"AI Job Replacement, Automation Anxiety & Labour Futures",labour_jobs,366,-0.3360655737704918,0.6673851338077764,37.704918032786885,58.19672131147541,4.098360655737705
11,"AI Art Ethics, Artist Backlash & Creative Displacement",creative_labour,65,-0.3230769230769231,0.6823833713164696,43.07692307692308,46.15384615384615,10.76923076923077
2,"Military AI, Pentagon Pressure & Safety Guardrails",military_security,165,-0.296969696969697,0.6928036339355238,32.121212121212125,65.45454545454545,2.4242424242424243
14,"State-Level AI Regulation, Child Safety & AI Personhood Debates",policy_regulation,77,-0.23376623376623376,0.7425379501534747,23.376623376623375,76.62337662337663,0.0
4,OpenAI vs Anthropic Safety Debate,lab_politics_trust,120,-0.23333333333333334,0.69239442050457,38.333333333333336,46.666666666666664,15.0
27,"Prompt Injection, Guardrails & Agent Security",technical_safety,134,-0.17164179104477612,0.7005631183065585,23.88059701492537,69.40298507462687,6.7164179104477615
6,"AI SaaS Monetization, Pricing & Commercial Adoption",business_markets,55,-0.14545454545454545,0.6774224156683142,27.27272727272727,60.0,12.727272727272727
21,Ethical AI Debate & Normative Anti-AI Discourse,normative_ethics,99,-0.1111111111111111,0.7200077462075937,15.151515151515152,80.8080808080808,4.040404040404041
25,"AI Alignment, Control Problems & Human-Compatible AGI",technical_safety,58,-0.06896551724137931,0.7432465173047165,15.517241379310345,75.86206896551724,8.620689655172415
16,"LLM Safety, Evaluation, Jailbreaks & Technical Red-Teaming",technical_safety,62,-0.06451612903225806,0.7538213941358751,14.516129032258066,77.41935483870968,8.064516129032258
17,"AI-Era Job Search, Resumes & Hiring Friction",labour_jobs,218,-0.05045871559633028,0.6918921862993765,20.642201834862387,63.76146788990825,15.59633027522936
19,"AI Companionship, Personhood & Human-AI Emotional Ethics",philosophy_personhood,58,-0.034482758620689655,0.6868661914406151,20.689655172413794,62.06896551724138,17.24137931034483
0,"EU AI Act, Compliance & Sovereign European AI",policy_regulation,78,-0.01282051282051282,0.7020315447678933,10.256410256410255,80.76923076923077,8.974358974358974
24,Philosophical / Metaphysical AI Consciousness & Cognitive Theory,philosophy_personhood,72,0.0,0.7775320990218056,1.3888888888888888,97.22222222222221,1.3888888888888888
26,"AI Agents, Workflow Automation & Operational Risk",technical_safety,578,0.006920415224913495,0.6907083351409972,12.110726643598616,75.08650519031141,12.802768166089965
3,"AI Markets, Investment Narratives & Data Center Economics",business_markets,363,0.09917355371900827,0.7012945558085586,12.121212121212121,65.84022038567493,22.03856749311295
13,"India AI Policy, Summit Narratives & National Progress Discourse",regional_policy_progress,130,0.16923076923076924,0.7078365225058335,13.076923076923078,56.92307692307692,30.0
15,Enterprise AI Infrastructure & Regulated-Industry Adoption,business_markets,76,0.4473684210526316,0.6505423792098698,0.0,55.26315789473685,44.73684210526316
